-0.00,-0.03,1.01,-0.11,0.09,0.12,4922800
-0.01,-0.04,0.99,-0.15,0.07,0.03,4931248
-0.01,-0.04,1.00,-0.02,0.10,0.06,4939680
-0.01,-0.04,1.01,-0.06,0.15,-0.05,4948176
-0.01,-0.03,1.00,-0.08,0.07,0.03,4956616
-0.00,-0.04,1.00,-0.08,0.32,0.09,4965016
-0.00,-0.04,1.00,-0.05,0.26,-0.11,4973464
-0.01,-0.04,1.00,-0.03,0.07,-0.04,4981944
-0.00,-0.03,0.99,-0.03,0.06,-0.02,4990368
0.00,-0.03,1.01,-0.11,-0.00,-0.10,4998848
-0.00,-0.03,0.99,-0.03,0.04,0.10,5007224
-0.01,-0.04,1.00,0.23,-0.06,0.01,5015680
0.00,-0.03,1.00,0.14,-0.05,0.09,5024072
-0.00,-0.04,1.00,-0.00,0.09,-0.11,5032504
-0.00,-0.04,1.00,-0.00,-0.10,0.06,5040920
-0.01,-0.03,1.00,-0.02,-0.02,0.01,5049376
-0.00,-0.03,1.00,0.06,-0.06,0.03,5057816
-0.00,-0.04,1.00,-0.05,-0.10,0.12,5066256
-0.00,-0.04,0.99,0.03,-0.31,0.10,5074696
0.00,-0.04,1.01,-0.03,-0.32,0.04,5083112
-0.00,-0.03,0.99,0.01,-0.13,0.10,5091568
-0.00,-0.03,0.99,0.04,-0.26,0.09,5099992
0.00,-0.03,1.00,0.07,-0.00,-0.05,5108384
-0.00,-0.04,0.99,0.07,-0.03,0.22,5116816
0.00,-0.04,1.00,0.03,-0.08,-0.02,5125200
-0.01,-0.03,0.99,0.06,-0.03,-0.05,5133680
-0.00,-0.04,1.00,0.04,-0.05,0.06,5142072
-0.01,-0.03,1.00,-0.00,0.09,-0.01,5150512
-0.01,-0.03,1.00,-0.08,-0.20,0.04,5158968
-0.00,-0.03,1.00,-0.08,-0.02,0.09,5167368
0.00,-0.03,1.00,-0.08,-0.02,-0.05,5175808
-0.00,-0.03,1.00,0.15,0.24,0.04,5184192
-0.01,-0.03,1.00,-0.09,0.27,0.04,5192608
-0.00,-0.04,1.00,-0.09,0.06,0.03,5201024
-0.00,-0.03,1.00,-0.05,0.07,-0.05,5209472
-0.01,-0.03,1.01,-0.03,0.29,0.15,5217952
0.00,-0.03,1.00,-0.09,0.18,0.18,5226344
-0.00,-0.04,1.00,-0.11,0.23,0.04,5234800
-0.00,-0.04,0.99,0.10,0.04,-0.10,5243192
-0.01,-0.04,1.00,0.09,0.03,0.06,5251600
0.00,-0.03,1.00,-0.00,-0.08,0.06,5260024
-0.00,-0.04,1.00,-0.03,-0.08,-0.01,5268488
-0.00,-0.04,1.00,-0.00,0.01,0.10,5276880
-0.01,-0.04,1.00,0.12,0.01,-0.01,5285328
-0.01,-0.04,1.01,0.01,0.09,0.09,5293752
-0.00,-0.03,0.99,-0.11,-0.02,-0.01,5302232
-0.00,-0.03,1.00,-0.08,0.09,0.10,5310648
0.00,-0.04,1.01,-0.09,0.13,-0.02,5319088
-0.00,-0.04,1.01,-0.02,-0.11,0.10,5327584
-0.01,-0.03,1.00,0.07,-0.03,0.04,5336008
-0.01,-0.03,1.00,0.14,-0.26,0.09,5344456
0.00,-0.04,1.01,0.07,-0.20,0.06,5352840
-0.00,-0.03,1.00,0.09,0.03,0.03,5361232
-0.01,-0.04,1.00,-0.03,-0.22,-0.05,5369720
-0.00,-0.03,1.00,-0.02,-0.08,-0.08,5378176
-0.01,-0.03,1.00,-0.12,0.04,0.06,5386632
-0.00,-0.04,1.00,-0.20,0.09,-0.08,5395048
-0.00,-0.04,1.00,-0.14,0.01,0.07,5403480
0.00,-0.04,0.99,0.01,0.04,0.04,5411560
-0.01,-0.03,1.01,-0.00,0.01,0.06,5420008
-0.00,-0.04,1.00,-0.15,0.07,0.07,5428416
-0.00,-0.04,1.01,-0.14,0.23,-0.08,5436880
-0.01,-0.04,1.00,-0.14,0.09,0.01,5445312
-0.01,-0.03,1.00,-0.15,0.20,-0.13,5453816
-0.00,-0.04,1.01,0.03,0.13,-0.10,5462256
-0.00,-0.03,1.00,0.01,0.07,-0.02,5470688
-0.00,-0.03,1.00,-0.09,0.03,0.04,5479104
-0.01,-0.04,1.00,0.06,-0.22,0.16,5487560
0.00,-0.03,1.00,0.03,-0.25,-0.17,5496016
-0.01,-0.04,1.00,0.01,0.04,0.03,5504416
-0.00,-0.04,1.00,0.10,-0.34,0.04,5512848
-0.01,-0.03,1.00,0.15,-0.32,0.07,5521288
-0.00,-0.04,1.01,0.06,-0.28,-0.05,5529768
-0.00,-0.03,1.00,0.10,-0.39,-0.08,5538208
-0.01,-0.04,1.00,-0.14,-0.06,-0.16,5546704
-0.01,-0.04,1.00,-0.15,-0.03,-0.02,5555168
-0.00,-0.04,0.99,0.01,0.03,-0.11,5563624
-0.00,-0.04,1.01,0.09,-0.28,-0.04,5572080
-0.00,-0.04,1.00,0.26,-0.10,-0.01,5580568
0.00,-0.03,1.01,0.32,-0.26,0.03,5589008
-0.00,-0.03,1.00,0.18,0.01,-0.13,5597448
-0.00,-0.04,1.00,0.10,-0.03,-0.07,5605888
-0.00,-0.03,1.00,-0.11,0.52,-0.23,5614352
-0.01,-0.03,1.00,-0.00,0.45,-0.05,5622816
-0.00,-0.05,1.00,-0.19,0.67,-0.17,5631288
0.01,-0.04,1.00,-0.44,1.07,-0.22,5639736
0.00,-0.04,1.00,-0.63,1.65,-0.54,5648224
-0.00,-0.04,1.00,-0.15,1.68,-0.94,5656744
-0.00,-0.03,1.00,0.20,1.28,-0.85,5665176
0.01,-0.03,1.01,-0.41,1.54,-0.69,5673632
-0.00,-0.04,1.00,-0.83,2.03,-0.62,5682136
-0.00,-0.04,1.00,-0.93,2.50,-1.03,5690616
0.00,-0.03,1.01,-0.66,3.90,-2.62,5699096
-0.00,-0.03,1.00,-0.17,3.97,-2.07,5707608
-0.00,-0.04,0.99,-0.06,4.33,-2.11,5716112
-0.00,-0.03,1.00,0.21,4.39,-2.68,5724576
-0.01,-0.04,1.00,0.07,2.94,-2.07,5733056
-0.01,-0.04,1.01,0.17,0.61,-6.43,5741576
0.01,-0.03,0.99,0.56,-0.11,-1.76,5750080
0.00,-0.04,1.00,0.69,-0.39,0.51,5758528
-0.01,-0.03,1.00,0.75,-0.80,0.76,5767016
-0.01,-0.04,1.00,0.82,-1.00,0.85,5775496
-0.01,-0.04,1.00,0.79,-1.04,1.08,5783960
-0.01,-0.04,1.00,0.38,-0.87,1.09,5792400
-0.01,-0.04,0.99,0.27,-0.48,1.00,5800864
0.00,-0.03,1.01,0.26,-0.17,0.93,5809312
-0.00,-0.03,1.00,-0.09,0.15,1.02,5817752
0.00,-0.04,1.00,-0.11,0.16,0.70,5825880
-0.00,-0.05,1.01,0.33,-0.45,1.00,5834312
-0.01,-0.04,0.99,0.75,-1.00,1.11,5842784
0.00,-0.03,1.01,-0.06,-0.46,1.70,5851232
0.01,-0.05,0.99,-6.11,4.84,4.13,5859728
-0.02,-0.04,1.01,-6.05,4.29,4.94,5868208
-0.00,-0.04,0.99,-3.36,1.05,6.30,5876672
-0.01,-0.04,1.00,-11.59,0.21,8.30,5885216
-0.03,-0.08,1.01,-20.31,-6.37,5.46,5893800
-0.01,-0.08,1.01,-28.78,-16.46,1.08,5902472
-0.02,-0.03,0.94,-18.44,-28.54,-7.38,5911176
-0.22,-0.28,1.19,-5.80,-51.07,-36.04,5919904
-0.12,-0.04,0.99,-8.73,-45.30,-56.69,5928592
0.06,0.01,1.00,-10.99,-34.75,-58.20,5937296
0.24,0.07,1.00,-10.28,-23.35,-38.92,5946016
0.26,0.11,1.00,-6.89,-16.02,-11.10,5954656
0.03,-0.06,1.00,-6.34,-5.42,-0.52,5963152
0.04,-0.06,0.99,-4.38,-5.09,0.01,5971616
0.03,-0.05,1.00,-2.22,-4.77,-0.72,5980128
0.05,-0.07,1.00,-0.43,1.19,1.93,5988584
0.05,-0.07,1.00,1.36,4.24,7.81,5997024
0.03,-0.09,0.99,4.03,2.41,15.23,6005536
-0.06,-0.14,1.00,5.01,1.28,14.86,6014088
-0.12,-0.13,0.86,6.64,13.37,7.99,6022680
-0.07,-0.13,1.01,9.94,16.70,0.96,6031200
-0.05,-0.12,0.97,16.58,28.13,-2.77,6039880
-0.03,-0.10,1.04,25.36,36.33,-0.26,6048504
-0.03,-0.08,1.19,33.75,41.57,5.52,6057144
-0.09,-0.07,1.31,35.54,41.52,14.65,6065856
-0.20,-0.01,1.37,33.74,43.83,21.90,6074568
-0.32,-0.01,1.44,30.64,45.13,20.12,6083328
-0.37,-0.03,1.52,28.62,43.26,9.06,6091976
-0.40,-0.01,1.67,28.32,38.56,-7.91,6100608
-0.42,0.05,1.87,22.38,41.60,-22.97,6109360
-0.33,0.18,2.00,15.65,50.58,-24.92,6118056
-0.32,0.25,2.00,9.36,56.99,-13.78,6126712
-0.34,0.22,2.00,-4.03,56.76,-5.70,6135272
-0.38,0.17,2.00,-21.06,48.21,-11.06,6144016
-0.33,0.12,2.00,-42.35,30.90,-25.97,6152736
-0.18,0.17,2.00,-63.74,7.45,-38.55,6161360
-0.08,0.21,2.00,-82.00,-10.20,-42.65,6170104
-0.06,0.26,2.00,-99.07,-8.29,-40.36,6178832
-0.04,0.29,2.00,-113.16,7.43,-35.72,6187568
-0.07,0.29,2.00,-127.54,20.65,-37.72,6196384
-0.00,0.31,2.00,-144.32,27.05,-44.59,6205224
0.10,0.36,1.93,-165.96,25.69,-48.30,6214056
0.18,0.37,1.79,-191.27,11.26,-49.30,6222864
0.31,0.38,1.50,-216.72,-22.25,-53.07,6231712
0.52,0.37,1.04,-237.96,-72.86,-53.27,6240544
0.69,0.39,0.38,-252.26,-125.56,-42.78,6249424
0.65,0.37,-0.40,-258.28,-158.40,-19.46,6258344
0.51,0.25,-1.63,-242.54,-153.64,10.15,6267320
0.37,0.01,-2.00,-195.13,-105.71,39.12,6276248
0.28,-0.24,-2.00,-109.53,-49.22,59.83,6285160
-0.03,-0.47,-2.00,-2.23,4.58,62.59,6293816
-0.26,-0.57,-2.00,95.49,44.47,49.60,6302584
-0.57,-0.54,-2.00,179.07,65.05,27.00,6311416
-0.63,-0.29,-2.00,251.74,74.49,-11.75,6320336
-0.40,0.02,-2.00,297.59,70.35,-31.46,6329200
-0.22,0.38,-1.43,323.98,58.56,-34.48,6338088
-0.10,0.75,-0.58,339.31,43.89,-27.01,6346928
-0.14,0.98,0.29,345.33,38.88,-22.81,6355744
0.03,1.08,1.32,329.60,52.47,-18.23,6364504
0.17,1.05,2.00,306.58,66.64,-5.06,6373152
0.26,0.94,2.00,256.61,71.48,11.02,6381896
0.28,0.84,2.00,202.73,57.98,32.06,6390616
0.13,0.71,2.00,155.10,30.27,48.99,6399336
-0.12,0.57,2.00,116.84,6.38,47.15,6408040
-0.26,0.45,2.00,91.62,-12.20,30.67,6416784
-0.27,0.36,2.00,64.36,-27.01,12.74,6425488
-0.24,0.31,2.00,39.57,-36.13,0.82,6434152
-0.19,0.25,2.00,16.30,-42.86,-5.62,6442824
-0.20,0.20,2.00,0.61,-50.03,-9.55,6451376
-0.21,0.15,2.00,-8.57,-53.29,-17.06,6460072
-0.16,0.13,1.86,-12.52,-51.22,-23.15,6468864
-0.11,0.10,1.79,-15.51,-47.26,-26.17,6477616
-0.10,0.09,1.74,-19.13,-42.02,-26.65,6486368
-0.11,0.07,1.72,-24.19,-38.74,-26.65,6495136
-0.09,0.04,1.67,-29.74,-39.55,-28.26,6503928
-0.05,0.04,1.58,-34.57,-42.20,-30.49,6512712
0.02,0.04,1.48,-39.70,-43.13,-28.05,6521432
0.05,0.08,1.32,-40.73,-41.13,-17.61,6530160
-0.05,0.05,1.12,-40.12,-33.10,-10.48,6538936
-0.07,0.04,1.07,-30.54,-21.87,-6.98,6547608
-0.11,-0.01,1.06,-33.35,-15.24,-2.60,6556320
-0.17,-0.04,0.98,-30.92,-15.82,-7.65,6565032
-0.15,-0.06,1.00,-28.17,-22.87,-16.20,6573824
-0.07,-0.01,0.94,-27.76,-27.96,-16.16,6582600
-0.09,-0.02,0.90,-23.64,-28.54,-12.74,6591392
-0.06,-0.03,0.94,-22.63,-28.11,-10.65,6600160
-0.04,-0.03,0.97,-23.30,-34.80,-8.34,6608864
-0.09,-0.02,0.96,-23.45,-41.51,-8.04,6617560
-0.09,0.00,0.92,-22.19,-41.30,-9.85,6626232
-0.07,0.01,0.91,-19.50,-40.02,-10.98,6634984
-0.07,0.02,0.86,-16.38,-39.01,-11.79,6643728
0.00,-0.01,1.01,-18.43,-36.32,-17.29,6652504
0.06,0.07,0.87,-13.35,-34.84,-13.85,6661208
0.06,0.03,0.92,-10.22,-29.24,-12.69,6669936
0.11,0.03,0.93,-8.73,-23.21,-11.52,6678624
0.12,0.03,0.95,-7.06,-22.32,-10.92,6687280
0.10,0.01,0.98,-6.60,-20.40,-10.72,6695936
0.08,0.02,0.98,-6.64,-15.56,-11.99,6704568
0.13,0.00,1.03,-7.19,-12.68,-13.88,6712968
0.22,0.01,1.05,-10.67,-17.65,-16.11,6721760
0.28,0.02,1.04,-12.61,-25.85,-11.38,6730504
0.21,0.02,0.97,-12.77,-21.45,-6.88,6739208
0.19,0.01,0.98,-12.17,-7.76,-5.76,6747816
0.23,0.02,0.98,-11.65,1.11,-4.95,6756400
0.20,0.01,0.95,-10.23,9.20,-3.59,6764960
0.17,0.01,0.92,-7.73,25.17,-4.08,6773528
0.19,0.01,0.94,-4.77,46.36,-5.18,6782112
0.28,0.01,1.05,-4.41,60.93,-2.16,6790696
0.31,0.01,1.13,-6.95,61.08,6.10,6799240
0.25,0.00,1.13,-9.96,52.93,13.31,6807888
0.14,-0.01,1.09,-11.65,47.26,14.45,6816608
0.04,-0.02,1.06,-12.55,44.29,11.23,6825312
-0.04,-0.03,1.00,-12.03,50.67,5.86,6833952
-0.07,-0.02,1.00,-11.57,69.39,-0.11,6842624
0.01,-0.00,1.06,-12.35,90.35,-1.55,6851240
0.06,0.01,1.10,-13.62,105.87,4.21,6859952
0.05,0.02,1.07,-14.28,118.50,11.35,6868720
0.04,-0.00,1.08,-14.58,118.62,17.20,6877472
-0.00,-0.03,1.07,-15.28,100.58,16.51,6886272
-0.06,-0.04,1.03,-12.86,77.90,10.27,6895000
-0.07,-0.03,1.03,-10.38,58.44,4.97,6903640
-0.05,-0.05,1.05,-11.22,40.44,1.66,6912288
-0.04,-0.05,1.04,-13.24,24.03,1.54,6920920
-0.06,-0.04,0.98,-14.44,14.09,4.06,6929528
-0.10,-0.04,0.94,-13.64,7.71,5.60,6938088
-0.16,-0.05,0.91,-12.23,5.20,5.17,6946704
-0.21,-0.05,0.87,-9.70,7.68,1.58,6955200
-0.21,-0.05,0.87,-6.81,10.44,-4.69,6963824
-0.18,-0.05,0.90,-4.29,6.56,-10.39,6972432
-0.16,-0.05,0.92,-2.57,-0.37,-14.51,6981072
-0.14,-0.05,0.93,-1.99,-6.64,-16.71,6989744
-0.09,-0.04,0.95,-1.76,-11.79,-17.06,6998416
-0.05,-0.04,0.98,-3.06,-15.10,-15.24,7007080
-0.03,-0.04,0.98,-4.61,-17.56,-10.42,7015792
-0.04,-0.04,0.94,-5.74,-20.37,-5.81,7024392
-0.10,-0.04,0.86,-4.64,-17.64,-4.36,7033048
-0.12,-0.04,0.81,-1.56,-5.91,-5.38,7041616
-0.09,-0.03,0.85,2.17,4.29,-5.09,7050120
-0.06,-0.05,0.92,3.65,5.08,-4.13,7058600
-0.09,-0.06,0.96,3.74,0.90,-6.10,7067056
-0.07,-0.06,0.97,2.98,-3.04,-8.97,7075544
-0.05,-0.06,0.99,1.69,-6.37,-10.04,7084128
-0.00,-0.06,0.99,-0.11,-11.29,-9.00,7092704
-0.00,-0.05,0.98,-0.96,-16.48,-7.32,7101312
-0.04,-0.05,0.94,-0.80,-17.39,-5.32,7109912
-0.09,-0.06,0.93,0.81,-14.52,-6.16,7118504
-0.09,-0.06,0.91,2.12,-7.82,-8.88,7127016
-0.05,-0.05,0.95,3.39,-2.80,-11.21,7135624
0.00,-0.05,0.99,3.14,-0.22,-10.33,7144168
0.04,-0.05,0.98,2.32,2.12,-6.86,7152640
0.06,-0.05,0.97,1.81,4.93,-1.81,7161080
0.04,-0.05,0.94,2.26,5.52,2.47,7169504
-0.01,-0.07,0.95,3.17,3.95,3.20,7177960
-0.05,-0.08,0.94,3.85,3.42,1.52,7186392
-0.06,-0.06,0.92,5.72,5.71,-0.65,7194864
-0.04,-0.06,0.96,6.82,7.20,-1.23,7203312
-0.03,-0.06,1.02,6.44,5.45,-1.58,7211776
-0.03,-0.06,1.03,4.72,1.66,-2.04,7220232
-0.02,-0.06,1.01,3.48,-0.89,-1.65,7228720
-0.02,-0.05,0.97,3.71,-0.40,-0.13,7237208
-0.04,-0.04,0.96,4.67,3.54,2.12,7245688
-0.07,-0.05,0.97,5.75,7.72,2.70,7254136
-0.08,-0.06,0.98,6.49,11.60,1.38,7262624
-0.06,-0.06,1.02,6.20,12.55,0.53,7271112
-0.05,-0.06,1.04,5.42,10.01,0.24,7279624
-0.06,-0.05,1.02,4.56,7.71,0.86,7288072
-0.09,-0.03,0.98,4.30,11.49,2.07,7296576
-0.12,-0.04,0.99,5.57,18.33,1.89,7305152
-0.12,-0.05,1.01,6.17,23.31,-0.14,7313752
-0.11,-0.05,1.03,6.14,26.50,-2.25,7322312
-0.11,-0.04,1.01,5.37,38.13,-2.94,7330896
-0.09,-0.02,0.99,5.77,57.25,-0.71,7339456
-0.10,-0.01,1.03,5.72,76.67,1.19,7348032
-0.15,-0.02,1.04,4.41,100.87,1.25,7356712
-0.23,0.02,0.99,3.34,135.97,1.22,7365344
-0.35,0.04,0.91,6.00,192.29,-3.64,7373968
-0.46,0.05,0.85,11.36,285.14,-16.77,7382744
-0.30,0.14,0.99,17.30,407.00,-27.79,7391504
0.06,0.18,1.31,17.98,498.21,-20.36,7400288
0.36,0.15,1.67,7.71,498.21,9.61,7408904
0.55,0.10,1.99,-22.61,498.21,51.84,7417688
0.50,0.18,1.78,-49.09,498.21,95.64,7426448
0.27,0.21,1.61,-68.69,498.21,138.13,7435320
-0.08,0.28,1.22,-90.83,498.21,168.65,7444200
-0.39,0.24,0.81,-100.80,497.55,176.33,7453184
-0.55,0.09,0.56,-107.42,445.19,171.34,7462096
-0.77,0.01,0.21,-107.25,371.51,157.77,7471120
-1.04,-0.14,-0.07,-90.73,301.11,127.83,7480088
-1.31,-0.19,-0.23,-70.69,254.78,79.61,7489000
-1.21,-0.19,-0.14,-58.28,226.21,33.60,7497928
-0.90,-0.05,-0.10,-54.61,188.39,15.43,7506760
-0.74,0.04,-0.23,-51.68,145.36,24.42,7515576
-0.78,0.06,-0.29,-47.16,105.19,39.66,7524448
-0.93,-0.03,-0.32,-46.51,52.21,43.67,7533240
-1.12,-0.01,-0.42,-42.28,-6.20,34.03,7541992
-1.26,0.02,-0.45,-33.02,-64.20,17.63,7550768
-1.32,-0.02,-0.32,-23.64,-123.97,-6.17,7559648
-1.20,-0.01,-0.06,-19.30,-188.28,-30.88,7568568
-1.05,0.00,0.15,-21.71,-262.78,-42.89,7577464
-0.95,0.08,0.31,-30.28,-349.71,-46.10,7586336
-0.95,0.02,0.42,-40.63,-428.22,-49.58,7595216
-1.02,0.02,0.58,-52.66,-499.45,-61.01,7604080
-0.96,0.02,0.77,-57.36,-502.32,-75.53,7612984
-0.77,0.03,0.92,-61.85,-502.32,-86.68,7621848
-0.49,0.00,1.01,-62.60,-502.32,-91.81,7630664
-0.38,-0.09,0.90,-62.19,-502.32,-90.88,7639536
-0.32,-0.10,0.63,-48.77,-502.32,-91.09,7648416
-0.36,-0.08,0.29,-21.50,-502.32,-104.91,7657360
-0.26,-0.03,0.08,13.97,-502.32,-134.23,7666296
0.29,0.05,0.15,51.45,-502.32,-143.47,7675152
1.10,0.27,0.56,81.72,-502.32,-99.53,7683984
1.38,0.35,1.17,87.48,-502.32,-15.81,7692808
0.91,0.21,1.32,69.75,-442.16,56.91,7701584
0.41,0.03,1.16,50.82,-298.86,73.83,7710384
0.16,-0.04,0.85,41.17,-167.53,51.99,7719200
0.05,-0.02,0.67,40.93,-51.87,15.66,7727904
0.13,-0.04,0.69,43.33,60.67,-23.39,7736608
0.50,-0.03,0.91,40.58,145.17,-43.91,7745408
0.88,0.04,1.00,34.41,180.27,-33.55,7754160
0.92,0.05,0.94,28.88,187.10,-4.10,7762816
0.75,0.01,0.86,27.01,176.52,21.17,7771520
0.50,-0.00,0.80,30.55,151.55,33.90,7780248
0.23,-0.03,0.86,34.98,123.94,33.72,7789048
-0.02,-0.04,0.97,36.38,100.47,23.02,7797824
-0.19,-0.04,1.09,34.33,91.25,6.80,7806456
-0.24,-0.02,1.15,29.33,92.06,-9.88,7815160
-0.16,-0.01,1.25,23.57,91.10,-25.96,7823936
-0.00,0.00,1.29,16.00,75.40,-37.68,7832568
0.12,0.01,1.27,8.98,52.45,-41.55,7841192
0.23,0.05,1.22,2.91,32.62,-38.36,7849856
0.35,0.07,1.22,-2.20,13.68,-27.96,7858496
0.39,0.08,1.20,-7.64,-10.77,-13.76,7867160
0.34,0.07,1.15,-11.91,-36.77,-1.03,7875832
0.20,0.07,1.04,-12.96,-50.66,5.06,7884424
0.07,0.06,0.94,-10.73,-51.06,4.41,7893040
-0.03,0.04,0.89,-7.53,-40.25,-2.97,7901632
-0.07,0.02,0.87,-4.00,-22.68,-15.76,7910288
0.03,0.01,0.91,-1.16,-3.36,-29.26,7918888
0.26,0.03,1.01,-0.92,6.53,-34.74,7927432
0.42,0.04,1.04,-2.12,4.81,-29.24,7936016
0.48,0.05,1.01,-3.15,1.20,-17.82,7944520
0.47,0.06,0.96,-3.09,3.63,-5.14,7952976
0.40,0.06,0.99,-3.15,7.39,7.32,7961408
0.29,0.05,0.98,-2.20,8.82,13.90,7969912
0.18,0.03,1.01,-2.08,6.23,12.85,7978448
0.11,0.02,0.99,-1.70,3.14,6.88,7986920
0.04,0.02,0.97,-0.29,5.86,-1.85,7995376
0.07,0.04,0.96,1.34,14.41,-10.23,8003976
0.15,0.05,1.00,2.96,22.45,-13.27,8012568
0.23,0.06,1.05,2.30,24.68,-12.40,8021152
0.26,0.05,1.08,0.78,20.16,-10.52,8029760
0.27,0.04,1.09,-1.35,10.84,-8.40,8038312
0.29,0.05,1.05,-2.46,0.79,-6.77,8046784
0.28,0.07,1.01,-2.63,-5.00,-2.02,8055240
0.23,0.06,1.01,-2.41,-9.09,1.80,8063712
0.17,0.05,1.02,-2.80,-10.78,2.42,8072256
0.10,0.05,0.99,-2.66,-9.55,-0.08,8080728
0.06,0.06,0.97,-1.57,-3.13,-5.73,8089184
0.11,0.05,1.01,-0.67,2.58,-11.27,8097760
0.15,0.06,1.01,-0.78,6.36,-13.90,8106320
0.21,0.07,1.05,-1.61,9.63,-14.04,8114888
0.25,0.07,1.08,-3.68,8.50,-11.43,8123408
0.27,0.06,1.08,-5.71,3.42,-7.36,8131888
0.23,0.05,1.04,-6.93,-0.28,-3.96,8140360
0.19,0.06,1.00,-6.54,-2.64,-1.72,8148880
0.13,0.06,0.99,-6.02,-3.39,-1.32,8157352
0.07,0.03,1.01,-5.44,-2.29,-4.60,8165832
0.03,0.03,1.00,-5.42,1.34,-11.79,8174376
0.08,0.04,1.02,-5.57,7.97,-19.53,8182912
0.17,0.05,1.06,-6.67,9.90,-22.68,8191456
0.24,0.05,1.06,-8.12,6.94,-22.45,8200024
0.31,0.05,1.07,-9.70,0.67,-21.04,8208560
0.40,0.05,1.09,-11.51,-10.05,-18.60,8217264
0.47,0.05,1.12,-15.07,-24.40,-14.78,8226000
0.50,0.08,1.10,-17.47,-38.45,-10.40,8234696
0.48,0.10,1.08,-19.25,-43.47,-9.99,8243336
0.45,0.12,1.02,-18.64,-32.46,-20.57,8252064
0.59,0.09,0.97,-16.29,-9.06,-44.92,8260672
1.02,0.07,0.96,-13.04,23.17,-71.21,8269360
1.75,0.15,1.01,-11.51,53.68,-76.97,8278096
2.00,0.26,1.06,-13.16,67.77,-43.43,8286800
2.00,0.34,1.12,-15.83,61.54,25.80,8295472
2.00,0.36,1.02,-19.48,44.96,107.23,8304208
2.00,0.28,0.83,-20.19,38.85,175.12,8313008
1.97,0.25,0.62,-15.41,51.42,217.19,8321808
1.38,0.23,0.49,-7.45,87.20,240.96,8330480
0.94,0.28,0.47,-1.24,135.60,257.67,8339224
0.53,0.42,0.52,2.81,173.94,279.93,8347992
0.07,0.44,0.57,4.82,187.20,300.04,8356664
-0.49,0.45,0.60,6.23,181.19,308.09,8365392
-1.00,0.36,0.74,8.46,150.84,294.28,8374128
-1.36,0.29,0.89,5.95,110.35,263.67,8382936
-1.69,0.34,0.88,2.04,82.59,231.74,8391616
-1.99,0.45,0.89,-2.20,68.53,207.63,8400336
-2.00,0.50,0.89,-4.25,62.70,184.03,8409024
-2.00,0.46,0.98,-6.78,49.07,152.51,8417760
-2.00,0.42,1.04,-12.66,24.47,107.87,8426544
-2.00,0.38,1.10,-18.66,-3.45,53.23,8435192
-2.00,0.38,1.13,-25.93,-34.55,-2.59,8443928
-2.00,0.42,1.08,-32.75,-65.42,-51.94,8452704
-2.00,0.43,1.00,-36.81,-79.74,-94.69,8461448
-2.00,0.44,0.84,-37.07,-75.45,-133.20,8470272
-1.83,0.46,0.72,-30.93,-65.27,-169.44,8479168
-1.39,0.43,0.74,-24.46,-69.93,-201.68,8488048
-1.02,0.38,0.70,-19.18,-80.06,-227.39,8496864
-0.66,0.36,0.62,-13.47,-79.00,-241.65,8505704
-0.26,0.35,0.62,-7.51,-75.39,-243.41,8514480
0.02,0.28,0.66,-4.28,-72.22,-234.25,8523232
0.16,0.24,0.59,-1.12,-62.34,-220.01,8532024
0.20,0.19,0.47,6.23,-41.30,-217.75,8540752
0.45,0.14,0.52,15.46,-12.14,-221.55,8549544
0.81,0.13,0.56,23.04,8.36,-213.00,8558216
1.15,0.15,0.61,29.31,13.43,-191.07,8567016
1.38,0.19,0.69,35.81,5.63,-156.11,8575728
1.34,0.18,0.80,41.10,-14.64,-127.85,8584496
1.26,0.15,0.90,44.70,-35.36,-115.27,8593272
1.26,0.16,0.96,45.97,-37.77,-108.26,8602080
1.41,0.16,1.14,43.56,-27.13,-95.49,8610816
1.55,0.17,1.32,35.25,-17.38,-69.94,8619536
1.51,0.17,1.37,25.25,-6.11,-37.17,8628200
1.30,0.13,1.29,16.90,4.38,-10.16,8636832
1.03,0.08,1.18,12.99,13.63,2.79,8645384
0.88,0.03,1.16,11.63,17.97,6.61,8654000
0.82,-0.01,1.16,9.52,19.58,7.98,8662504
0.81,-0.02,1.15,5.85,19.49,16.03,8671144
0.72,-0.02,1.09,1.81,20.50,30.61,8679760
0.52,-0.03,1.00,0.01,22.30,44.04,8688312
0.30,-0.06,0.94,0.38,22.12,49.17,8696904
0.10,-0.06,0.91,3.34,20.65,46.77,8705488
-0.04,-0.05,0.90,7.19,21.07,41.23,8714104
-0.13,-0.03,0.95,10.72,20.71,33.57,8722880
-0.16,-0.04,1.03,11.48,18.53,23.58,8731592
-0.10,-0.02,1.09,9.08,11.11,15.34,8740224
-0.05,0.01,1.11,7.13,2.64,11.77,8748800
-0.03,0.05,1.12,4.03,-0.69,14.21,8757368
-0.05,0.05,1.12,1.01,-1.58,18.13,8765904
-0.13,0.06,1.11,-1.21,-2.84,18.53,8774480
-0.18,0.05,1.08,-2.58,-4.32,13.40,8783032
-0.17,0.05,1.07,-2.46,-5.88,4.96,8791512
-0.13,0.04,1.06,-2.58,-5.10,-2.25,8800032
-0.03,0.06,1.05,-2.55,-1.01,-5.32,8808536
0.04,0.06,1.03,-2.60,2.93,-3.55,8816968
0.08,0.05,1.01,-2.37,6.94,-1.12,8825384
0.10,0.05,1.04,-2.41,5.45,1.70,8833800
0.07,0.04,1.04,-2.70,-0.19,2.45,8842224
0.05,0.04,1.02,-2.46,-6.05,-0.66,8850680
0.07,0.03,1.01,-1.83,-8.37,-3.61,8859168
0.11,0.05,1.01,-1.24,-7.22,-4.74,8867696
0.17,0.05,1.02,-1.45,-7.45,-4.75,8876208
0.22,0.06,1.05,-2.20,-8.71,-1.30,8884720
0.21,0.08,1.05,-3.70,-10.48,3.78,8893240
0.14,0.07,1.01,-3.50,-8.69,6.13,8901712
0.10,0.05,0.99,-2.34,-4.16,3.60,8910152
0.10,0.05,1.00,-1.30,0.35,-0.23,8918560
0.15,0.06,0.98,-0.78,4.41,-1.65,8927048
0.20,0.05,1.00,-0.80,5.57,0.62,8935472
0.20,0.05,0.98,-0.28,6.33,5.26,8943904
0.15,0.06,0.98,0.32,7.46,8.80,8952304
0.11,0.04,1.01,-0.09,6.71,10.47,8960824
0.08,0.03,1.00,-0.70,1.46,9.92,8969200
0.06,0.03,0.97,-0.60,-4.71,7.99,8977640
0.01,0.04,0.93,0.35,-6.46,5.95,8986080
-0.01,0.05,0.93,1.39,-2.00,4.99,8994520
-0.00,0.04,0.98,2.06,2.07,3.96,9002896
0.03,0.05,1.02,1.08,1.40,2.33,9011264
0.05,0.04,1.03,-0.23,-2.84,1.66,9019720
0.04,0.05,1.00,-1.09,-5.87,2.09,9028152
-0.00,0.04,0.94,-0.43,-4.98,1.60,9036616
-0.03,0.04,0.94,0.67,-1.88,-0.23,9045080
-0.00,0.05,0.97,1.39,-0.84,-1.75,9053552
0.04,0.03,1.02,1.23,-6.55,-3.47,9062024
0.08,0.04,1.04,-0.49,-13.51,-3.85,9070568
0.08,0.05,1.01,-1.53,-15.97,-2.28,9079120
0.06,0.05,0.99,-1.44,-12.11,-1.65,9087680
0.10,0.04,1.01,-1.38,-11.76,-2.37,9096248
0.11,0.04,1.01,-2.32,-15.87,-3.12,9104864
0.10,0.04,0.99,-2.51,-14.60,-3.15,9113440
0.11,0.04,0.97,-2.54,-10.95,-3.59,9122048
0.15,0.03,0.98,-1.96,-12.89,-3.43,9130632
0.16,0.02,0.97,-1.48,-18.49,-3.03,9139208
0.17,0.03,0.97,-0.81,-23.04,-1.81,9147792
0.17,0.03,0.98,-0.72,-28.40,0.07,9156320
0.19,0.02,1.00,-1.19,-37.64,2.53,9164888
0.17,0.01,1.02,-2.31,-48.29,4.09,9173440
0.11,0.01,0.98,-3.42,-52.46,3.57,9182016
0.10,0.02,0.90,-2.17,-41.68,1.32,9190560
0.15,0.03,0.93,-0.61,-32.55,2.06,9199128
0.14,0.02,0.96,0.32,-26.42,2.50,9207680
0.16,0.01,0.96,1.05,-21.45,1.20,9216208
0.22,0.01,0.97,2.36,-22.75,1.64,9224752
0.24,0.01,0.98,3.45,-27.82,4.33,9233256
0.20,0.00,0.98,4.29,-31.19,6.65,9241776
0.17,0.01,1.00,4.67,-30.92,7.51,9250328
0.18,0.01,1.05,3.54,-35.64,7.40,9258872
0.13,-0.00,1.07,1.69,-40.26,6.83,9267448
0.07,0.02,1.03,0.64,-35.03,3.89,9275928
0.14,0.01,1.04,-0.55,-34.93,-1.14,9284528
0.29,-0.00,1.09,-2.12,-54.71,-4.33,9293192
0.46,-0.01,1.10,-3.68,-93.12,-2.49,9301816
0.69,0.01,1.11,-5.10,-152.34,7.52,9310448
1.07,0.03,1.25,-8.37,-259.10,28.33,9319176
1.28,0.13,1.39,-12.37,-416.90,69.83,9327976
0.97,0.10,1.50,-16.40,-502.32,117.99,9336824
0.37,-0.21,1.79,-36.58,-502.32,123.48,9345768
-0.32,-0.14,1.45,-32.12,-502.32,76.30,9354600
-0.52,-0.02,0.89,8.62,-502.32,17.54,9363360
-0.53,-0.12,0.76,48.50,-502.32,-22.97,9372208
-0.26,0.15,0.70,41.81,-502.32,-22.22,9381056
0.23,0.38,-0.01,71.48,-502.32,-29.18,9389880
0.68,0.28,0.27,92.49,-502.32,-34.48,9398680
1.10,0.05,0.61,85.68,-502.32,-29.94,9407464
1.27,0.18,0.50,74.81,-502.32,-17.70,9416288
1.24,0.18,0.40,60.58,-502.32,-3.21,9425048
1.00,-0.01,0.34,39.36,-486.02,0.90,9433744
0.61,-0.01,-0.02,17.08,-420.69,-7.64,9442520
0.51,0.12,-0.45,3.10,-333.10,-14.94,9451280
0.61,0.07,-0.56,-1.64,-253.70,-28.57,9460072
0.79,0.05,-0.67,-6.80,-195.26,-35.23,9468864
0.94,0.07,-0.80,-8.17,-146.03,-35.06,9477592
0.92,0.03,-0.82,-10.80,-85.19,-28.26,9486392
0.92,0.04,-0.92,-17.21,3.10,-18.19,9495088
1.09,0.07,-0.94,-21.10,103.55,-3.09,9503808
1.07,0.06,-0.72,-31.02,186.26,10.83,9512608
0.80,-0.01,-0.64,-43.09,285.13,13.89,9521424
1.02,-0.01,-0.47,-54.60,388.67,6.86,9530184
1.40,0.01,-0.31,-67.97,477.58,12.22,9539032
1.58,0.00,-0.05,-79.25,498.21,28.68,9547888
1.53,-0.17,0.58,-107.01,498.21,30.96,9556760
0.71,0.01,0.39,-123.54,498.21,16.09,9565616
0.43,0.04,0.73,-137.12,498.21,-29.33,9574528
0.65,0.12,1.08,-145.57,498.21,-73.81,9583400
1.40,0.19,1.50,-159.62,498.21,-87.32,9592272
1.96,0.34,1.40,-169.31,498.21,-60.34,9601208
1.96,0.31,1.04,-165.41,498.21,-18.51,9610104
1.84,0.23,0.60,-147.45,498.21,24.06,9618960
1.79,0.16,0.21,-115.59,498.21,70.71,9627856
1.43,0.04,-0.08,-70.64,498.21,111.41,9636744
0.77,-0.14,-0.06,-26.83,460.81,136.10,9645672
0.13,-0.21,0.24,6.91,294.74,143.49,9654464
-0.48,-0.27,0.68,28.07,122.45,124.45,9663320
-0.94,-0.33,1.02,32.96,-20.31,78.67,9672072
-1.14,-0.29,1.04,30.98,-99.24,26.73,9680856
-1.06,-0.16,0.93,30.33,-111.90,-17.53,9689672
-0.79,-0.07,0.87,32.10,-84.93,-46.22,9698408
-0.38,-0.02,0.95,33.95,-44.00,-60.55,9707184
-0.03,0.05,1.09,32.73,-10.71,-58.78,9715952
0.32,0.08,1.33,25.49,2.99,-44.31,9724552
0.48,0.08,1.44,13.91,-9.56,-23.15,9733184
0.42,0.06,1.36,3.94,-37.29,-10.14,9741872
0.28,0.05,1.17,-0.93,-62.11,-8.36,9750488
0.24,0.05,1.03,-0.43,-76.98,-10.40,9759152
0.23,0.03,0.96,2.27,-84.87,-14.46,9767800
0.28,0.04,0.96,5.51,-80.84,-16.72,9776424
0.33,0.04,0.98,6.59,-66.78,-16.52,9785040
0.35,0.04,1.01,6.30,-51.19,-15.75,9793680
0.39,0.03,1.02,4.91,-32.39,-16.07,9802336
0.43,0.03,1.05,2.61,-12.45,-14.01,9811000
0.50,0.03,1.06,-0.78,2.36,-8.43,9819464
0.53,0.02,1.04,-3.04,9.69,-1.06,9827904
0.48,0.01,0.99,-4.11,11.84,7.43,9836416
0.37,0.00,0.91,-3.04,14.62,12.96,9845040
0.28,-0.01,0.92,0.41,11.28,12.97,9853640
0.21,-0.03,0.99,3.39,0.29,6.85,9862080
0.20,-0.04,1.03,3.78,-9.61,-0.40,9870560
0.24,-0.01,1.04,3.01,-12.71,-2.71,9879160
0.25,-0.01,1.06,0.87,-9.55,-2.30,9887688
0.29,-0.01,1.02,-0.78,-0.51,-1.10,9896208
0.32,-0.00,1.00,-1.94,7.51,1.11,9904704
0.32,0.01,0.95,-1.39,12.58,3.15,9913224
0.28,0.02,0.94,-0.34,17.16,5.48,9921784
0.26,0.00,0.94,1.54,17.57,4.48,9930264
0.25,0.01,0.96,3.14,13.16,2.86,9938808
0.21,-0.01,0.98,4.30,7.39,-0.52,9947304
0.24,-0.00,0.98,4.47,4.18,-3.12,9955776
0.24,0.01,0.97,4.27,4.74,-3.38,9964232
0.25,0.02,0.97,3.95,10.47,-1.84,9972792
0.25,0.01,0.98,3.57,14.10,1.23,9981288
0.21,-0.00,1.00,3.31,13.34,0.79,9989832
0.19,-0.01,1.02,2.55,9.66,-1.94,9998320
0.20,-0.00,1.00,2.03,7.71,-4.52,10006776
0.22,0.00,1.02,1.37,10.03,-4.59,10015384
0.25,0.00,1.03,0.14,10.07,-3.35,10023944
0.27,-0.00,1.02,-0.46,7.86,-2.43,10032496
0.29,0.00,1.00,-0.90,4.44,-0.22,10041024
0.25,-0.00,0.98,-0.38,1.37,1.08,10049560
0.22,-0.02,1.00,-0.31,0.01,0.41,10058104
0.20,-0.01,0.99,-0.75,0.99,-1.35,10066672
0.20,-0.01,0.96,-0.73,10.71,-2.85,10075352
0.25,-0.02,0.97,-0.80,19.07,-2.13,10084016
0.25,-0.02,0.96,-1.02,22.56,-1.07,10092680
0.26,-0.03,0.95,-0.52,23.17,-1.46,10101336
0.26,-0.04,0.95,0.46,19.81,-1.84,10109976
0.26,-0.04,0.92,2.17,14.55,-2.08,10118616
0.25,-0.04,0.87,5.45,10.84,-2.28,10127240
0.23,-0.04,0.87,8.78,9.14,-2.91,10135840
0.22,-0.03,0.87,11.81,8.15,-4.91,10144472
0.24,-0.03,0.90,14.07,9.25,-7.36,10153104
0.27,-0.01,0.93,15.63,12.79,-8.57,10161840
0.32,0.00,0.99,15.46,19.32,-8.68,10170520
0.40,0.02,1.04,13.42,23.17,-4.83,10179216
0.41,0.04,1.03,10.79,25.49,2.54,10187872
0.35,0.04,0.98,10.81,29.40,8.56,10196512
0.28,0.03,0.99,11.30,31.34,11.14,10205296
0.20,0.02,0.99,12.07,29.39,8.07,10213944
0.19,0.03,1.01,13.23,28.13,3.12,10222632
0.23,0.05,1.04,13.08,27.80,1.70,10231264
0.26,0.07,1.07,11.19,28.90,4.86,10239896
0.26,0.08,1.08,9.02,32.65,9.69,10248448
0.21,0.09,1.11,5.80,35.57,13.70,10257088
0.14,0.07,1.11,2.61,34.62,11.78,10265760
0.14,0.06,1.08,0.50,31.61,7.83,10274296
0.15,0.07,1.02,0.23,30.74,7.54,10282864
0.15,0.06,0.98,1.25,30.50,9.12,10291424
0.12,0.05,0.96,2.69,31.49,11.31,10300088
0.06,0.04,0.97,3.52,31.43,11.75,10308728
0.01,0.01,0.97,3.56,26.71,8.35,10317320
0.02,0.02,0.97,3.95,18.10,2.15,10325904
0.07,0.01,0.98,3.77,10.64,-2.54,10334488
0.12,0.03,0.96,3.98,10.16,-1.07,10343072
0.16,0.02,0.94,4.27,10.16,3.31,10351672
0.15,0.03,0.91,6.14,7.65,5.96,10360184
0.12,0.01,0.91,7.68,3.71,5.98,10368744
0.09,0.03,0.91,10.46,2.87,4.13,10377312
0.10,0.04,0.94,12.07,5.40,3.23,10385864
0.11,0.04,1.01,11.66,6.49,1.31,10394464
0.17,0.03,1.04,10.27,4.10,-1.36,10403080
0.24,0.05,1.07,7.40,1.72,-0.88,10411576
0.27,0.05,1.06,4.46,-1.15,3.26,10420104
0.26,0.05,1.05,2.99,-1.71,8.28,10428624
0.20,0.05,1.02,2.36,1.43,12.25,10437192
0.12,0.05,0.99,2.47,8.56,13.86,10445768
0.07,0.05,1.00,3.43,15.16,11.77,10454408
0.09,0.02,1.03,3.98,17.54,6.64,10462992
0.12,0.01,1.04,2.87,14.93,1.58,10471584
0.17,0.04,1.03,2.07,15.80,0.01,10480136
0.20,0.05,1.01,1.43,22.24,4.12,10488712
0.22,0.06,1.03,1.17,26.82,8.80,10497272
0.22,0.05,1.06,1.30,25.43,11.43,10505904
0.20,0.05,1.08,-0.02,19.95,13.74,10514568
0.14,0.03,1.07,-2.17,11.37,13.70,10523240
0.08,0.02,1.05,-3.80,4.81,9.98,10531760
0.06,0.03,1.01,-5.02,4.10,7.45,10540248
0.06,0.06,0.96,-4.23,8.15,4.85,10548744
0.07,0.06,0.89,-1.35,14.65,3.54,10557296
0.12,0.02,0.93,0.44,19.40,2.86,10565864
0.16,0.02,0.96,1.01,18.07,3.15,10574432
0.16,0.02,0.98,1.30,14.12,3.49,10583016
0.11,0.06,0.96,1.95,10.09,4.45,10591568
0.14,0.16,0.90,3.59,7.55,8.74,10600112
-0.03,0.03,0.91,11.85,6.45,7.37,10608736
-0.05,-0.03,1.02,7.91,5.31,-4.78,10617312
0.08,0.03,1.05,2.94,0.44,-8.36,10625792
0.15,0.09,1.04,0.61,2.26,-2.86,10634296
0.18,0.11,1.04,0.20,9.14,4.13,10642816
0.16,0.09,1.03,-0.26,15.55,8.68,10651408
0.10,0.08,1.02,-0.60,17.42,10.83,10660056
0.05,0.09,0.99,0.14,19.52,10.09,10668680
0.07,0.09,1.00,2.65,21.84,10.12,10677280
0.05,0.09,0.99,5.13,22.44,8.47,10685840
0.08,0.10,0.97,8.58,21.74,8.19,10694400
0.12,0.10,0.96,11.63,22.56,12.01,10703144
0.16,0.09,0.99,12.70,23.39,17.15,10711888
0.18,0.09,1.02,11.27,19.95,23.15,10720608
0.14,0.08,1.07,7.59,3.54,27.23,10729168
0.11,0.06,1.06,4.81,-14.11,26.96,10737880
0.14,0.09,1.03,3.10,-22.48,28.22,10746520
0.15,0.09,1.02,2.32,-24.58,30.85,10755192
0.18,0.10,1.02,1.43,-26.72,34.35,10763896
0.19,0.09,1.03,1.04,-29.19,39.09,10772536
0.15,0.12,0.99,2.69,-35.79,44.86,10781248
0.17,0.07,0.99,2.52,-31.85,46.28,10789928
0.15,0.09,0.97,1.88,-25.77,46.28,10798568
-0.21,0.04,1.06,-1.53,-44.55,19.31,10807352
0.02,0.10,1.00,-2.15,-51.55,1.37,10816000
0.19,0.14,1.00,0.23,-48.39,7.98,10824600
0.18,0.13,1.00,1.75,-50.37,13.86,10833280
0.24,0.12,1.00,0.81,-53.27,22.45,10841992
0.22,0.13,0.96,1.97,-62.77,29.95,10850720
0.26,0.15,0.97,5.98,-73.12,39.66,10859408
0.27,0.15,1.04,7.59,-86.42,50.83,10868104
0.25,0.11,1.04,8.59,-98.08,58.07,10876792
0.57,0.09,1.05,13.23,-133.09,68.59,10885608
0.50,0.02,1.04,-3.27,-170.51,78.09,10894368
0.57,-0.09,1.07,-14.25,-213.32,87.06,10903232
0.34,-0.22,1.09,-28.64,-251.77,91.69,10912168
-0.07,-0.43,0.95,-44.60,-237.42,77.14,10921072
-0.29,-0.34,0.64,-67.09,-161.21,46.50,10930000
-0.10,-0.16,0.62,-66.90,-91.97,23.61,10938872
0.07,-0.25,0.71,-68.98,-41.51,8.61,10947600
0.42,-0.15,0.92,-68.96,-32.93,7.81,10956344
0.64,-0.02,1.00,-58.14,-60.14,20.19,10965192
0.65,0.04,1.01,-41.85,-95.84,36.27,10974000
0.53,0.06,0.96,-22.37,-116.57,48.38,10982872
0.46,0.08,0.96,-6.15,-115.42,54.62,10991656
0.48,0.05,0.99,6.38,-106.55,56.93,11000416
0.54,-0.01,1.03,15.77,-101.29,55.40,11009264
0.59,-0.07,1.05,22.70,-105.71,52.38,11018104
0.61,-0.10,1.06,26.41,-112.87,46.88,11026968
0.64,-0.15,1.05,27.88,-123.18,39.83,11035840
0.60,-0.15,1.00,27.25,-129.24,30.45,11044688
0.54,-0.14,0.93,25.86,-122.46,17.11,11053568
0.54,-0.13,0.89,25.56,-109.38,2.59,11062344
0.57,-0.14,0.89,25.56,-101.48,-10.49,11071256
0.56,-0.14,0.88,23.65,-95.73,-23.14,11080096
0.62,-0.13,0.92,19.98,-93.51,-34.04,11088912
0.77,-0.13,0.98,13.98,-109.16,-38.19,11097792
0.79,-0.10,0.96,8.55,-137.32,-36.25,11106584
0.72,-0.03,0.88,6.33,-157.51,-33.20,11115400
0.62,0.03,0.79,5.42,-157.67,-29.78,11124192
0.61,0.05,0.74,6.52,-147.94,-24.20,11132992
0.69,0.07,0.77,8.99,-146.03,-12.66,11141760
0.75,0.07,0.74,13.68,-156.03,5.38,11150480
0.82,0.06,0.73,21.65,-175.16,27.83,11159312
0.83,0.09,0.72,32.59,-201.91,52.16,11168136
0.77,0.08,0.68,47.22,-224.95,75.40,11176952
0.65,0.06,0.62,60.38,-235.06,94.15,11185776
0.62,0.07,0.54,64.35,-219.29,108.30,11194680
0.71,-0.01,0.51,58.55,-200.69,121.64,11203632
0.69,-0.11,0.45,45.92,-185.55,128.67,11212600
0.70,-0.15,0.36,28.20,-163.36,128.56,11221568
0.79,-0.16,0.32,10.78,-149.61,127.15,11230544
0.90,-0.13,0.32,-6.99,-152.60,127.48,11239472
0.92,-0.11,0.26,-21.09,-155.47,125.26,11248472
0.90,-0.14,0.24,-32.83,-155.61,119.61,11257472
0.90,-0.14,0.26,-42.02,-154.89,112.06,11266456
0.93,-0.19,0.29,-51.74,-158.48,105.15,11275464
0.89,-0.21,0.31,-61.83,-157.94,98.35,11284392
0.82,-0.23,0.34,-70.20,-141.53,88.35,11293312
0.86,-0.20,0.40,-73.76,-122.39,81.89,11302200
0.91,-0.19,0.46,-70.66,-108.00,78.73,11311144
0.99,-0.14,0.51,-57.64,-101.74,78.86,11320072
1.06,-0.13,0.54,-40.08,-105.16,83.35,11328968
1.07,-0.08,0.46,-17.35,-113.09,87.80,11337888
1.05,-0.06,0.34,5.94,-115.73,88.88,11346680
1.02,-0.10,0.25,24.55,-111.90,85.84,11355536
1.05,-0.13,0.19,36.65,-114.00,80.33,11364440
1.03,-0.21,0.11,39.69,-116.34,72.42,11373376
0.98,-0.28,0.09,31.98,-107.91,61.45,11382280
0.93,-0.35,0.09,14.20,-86.29,49.26,11391104
0.98,-0.40,0.17,-6.11,-66.17,38.80,11399872
1.04,-0.43,0.24,-25.90,-60.40,31.52,11408664
1.03,-0.39,0.26,-37.94,-64.87,24.61,11417512
0.94,-0.36,0.22,-40.60,-57.38,15.14,11426352
1.00,-0.28,0.22,-34.84,-52.37,9.58,11435112
1.10,-0.23,0.22,-25.36,-60.95,10.53,11443992
-2.00,-1.84,-2.00,3.69,104.03,-79.17,11452680
2.00,-0.15,1.00,-0.06,-14.46,-83.15,11461424
1.48,-0.08,0.50,-16.78,-153.74,-9.10,11470272
0.48,-0.25,-0.15,-18.43,-107.33,1.70,11479160
0.75,-0.30,-0.04,-16.38,-38.03,-13.52,11488040
1.09,-0.19,0.12,-19.12,-40.51,-0.95,11496864
2.00,0.35,0.76,7.13,36.00,-113.32,11505624
0.92,-0.38,-0.19,-2.37,-30.16,-84.75,11514464
1.07,-0.21,0.08,2.14,-31.19,-71.65,11523248
1.01,-0.26,0.08,2.15,-19.19,-68.52,11532016
1.17,-0.23,0.09,-4.14,-27.33,-54.62,11540856
1.52,-0.13,0.45,-12.78,-44.03,-36.42,11549720
1.18,-0.13,0.32,-24.96,-29.45,-4.19,11558504
0.87,-0.12,0.07,-8.05,2.73,11.03,11567160
0.78,-0.17,-0.02,15.25,23.55,9.11,11575936
0.78,-0.20,-0.02,34.49,32.03,0.50,11584624
0.84,-0.23,0.02,47.62,34.33,-14.74,11593448
1.12,-0.34,0.09,44.46,-5.18,-34.51,11602248
0.92,-0.31,-0.01,40.24,-12.74,-44.72,11611120
1.14,-0.19,-0.15,36.78,10.24,-39.58,11620016
1.18,-0.10,0.08,15.05,58.24,-15.58,11628816
2.00,-0.02,0.79,12.93,10.93,-11.84,11637616
1.04,-0.32,0.00,12.62,11.40,0.61,11646288
1.00,-0.30,0.03,16.07,20.12,-1.38,11655008
1.04,-0.22,0.08,19.81,27.78,-2.01,11663760
1.02,-0.24,0.11,22.30,34.38,-3.18,11672504
1.08,-0.26,0.19,24.35,32.18,-0.13,11681232
1.09,-0.28,0.23,23.72,23.34,7.05,11689952
1.06,-0.30,0.23,22.64,16.96,12.48,11698720
1.03,-0.22,0.21,20.70,6.27,15.64,11707416
1.06,-0.24,0.15,16.59,-18.16,19.03,11716240
1.09,-0.28,0.06,15.04,-58.00,25.00,11725008
1.06,-0.40,0.13,9.20,-96.58,34.03,11733744
-1.12,-0.77,-2.00,0.81,4.53,-23.03,11742416
0.87,-0.50,-0.36,-19.18,0.21,-34.59,11751176
0.85,-0.29,-0.11,-16.61,4.32,-50.45,11760024
1.04,-0.22,0.03,-7.54,-4.49,-58.65,11768760
0.96,-0.12,0.00,-3.54,-2.92,-61.64,11777440
1.09,-0.04,0.02,0.70,0.30,-58.59,11786048
1.12,0.02,0.09,-0.95,-4.45,-51.15,11794760
1.19,0.08,0.09,3.01,0.39,-46.16,11803352
1.03,0.19,-0.09,9.89,-2.89,-43.53,11812032
1.16,0.05,0.09,13.54,-1.15,-36.98,11820768
1.26,-0.02,0.19,9.68,-4.06,-27.33,11829488
1.21,-0.06,0.19,1.74,2.30,-19.17,11838136
1.11,-0.12,0.16,-6.26,1.83,-8.23,11846784
1.08,-0.07,0.13,-12.61,2.88,-3.91,11855464
1.06,-0.07,0.09,-17.77,2.68,-1.78,11864112
1.04,-0.16,0.07,-19.90,2.24,-1.18,11872816
1.00,-0.20,0.06,-17.35,3.07,-2.62,11881488
0.98,-0.22,0.06,-13.88,3.94,-6.30,11890184
0.90,-0.23,0.06,-11.04,2.88,-10.45,11898952
0.97,-0.23,0.13,-10.35,2.20,-16.91,11907744
0.85,-0.21,0.06,-9.70,0.12,-26.59,11916400
0.91,-0.19,0.05,-4.60,-0.52,-40.34,11925104
0.98,-0.16,0.12,3.52,0.82,-50.20,11933800
1.00,-0.20,0.27,12.69,-8.25,-63.23,11942560
0.69,-0.21,-0.08,23.28,-3.01,-75.04,11951344
0.47,-0.06,-0.15,32.53,-3.82,-99.00,11960128
0.49,-0.13,0.06,32.53,-1.70,-145.59,11968984
0.68,-0.08,-0.01,37.17,5.94,-183.58,11977800
1.09,0.25,-0.25,24.44,7.34,17.22,11986568
1.02,-0.03,0.16,24.67,1.81,10.90,11995304
1.11,-0.06,0.09,21.46,1.37,6.65,12003928
1.04,-0.07,0.13,15.85,0.42,7.06,12012512
1.01,-0.13,0.26,2.10,-0.66,1.80,12021072
1.04,-0.09,0.26,-15.59,0.01,-0.34,12029728
1.07,-0.09,0.25,-37.96,0.10,-1.21,12038368
1.07,-0.04,0.08,-46.43,0.03,-0.28,12047008
1.06,0.04,-0.05,-34.78,-0.00,0.94,12055640
1.05,-0.00,-0.03,-18.87,-0.10,0.90,12064336
1.07,-0.06,0.02,-11.56,-0.13,1.03,12072984
1.03,-0.05,0.04,-7.06,-0.05,1.41,12081520
1.07,-0.06,0.05,-3.42,0.07,1.02,12090032
1.05,-0.06,0.06,-0.43,0.06,1.41,12098560
1.07,-0.04,0.08,-0.02,-0.03,1.29,12107112
1.06,-0.05,0.09,-0.28,-0.11,1.17,12115728
1.06,-0.04,0.08,-0.29,-0.16,1.31,12124288
1.06,-0.05,0.07,-0.06,-0.08,1.28,12132832
1.05,-0.04,0.08,-0.19,-0.14,1.28,12141384
1.05,-0.04,0.08,-0.06,0.12,1.17,12149912
1.05,-0.04,0.09,-0.12,-0.10,1.46,12158464
1.06,-0.04,0.08,-0.31,0.13,1.52,12167016
1.05,-0.04,0.09,-0.11,-0.03,1.74,12175592
1.06,-0.05,0.08,-0.14,0.06,1.54,12184120
1.05,-0.05,0.08,-0.19,-0.11,1.60,12192696
1.06,-0.05,0.08,-0.12,-0.05,1.34,12201192
1.05,-0.05,0.08,0.04,0.09,1.41,12209672
1.06,-0.05,0.09,-0.20,0.10,1.22,12218208
1.06,-0.05,0.08,-0.14,-0.13,1.23,12226816
1.05,-0.05,0.08,-0.15,-0.02,1.37,12235352
1.05,-0.04,0.07,-0.23,0.07,1.37,12243896
1.05,-0.04,0.08,-0.15,-0.02,1.45,12252456
1.06,-0.04,0.08,-0.12,0.04,1.55,12261008
1.05,-0.04,0.08,-0.19,0.04,1.40,12269528
1.06,-0.05,0.08,-0.19,-0.02,1.49,12278096
1.05,-0.05,0.09,-0.25,0.16,1.58,12286640
1.05,-0.05,0.08,-0.19,-0.14,1.52,12295216
1.07,-0.05,0.09,-0.12,0.06,1.43,12303776
1.05,-0.05,0.08,-0.22,-0.03,1.26,12312344
1.06,-0.04,0.07,-0.23,-0.03,1.32,12320928
1.05,-0.05,0.09,-0.23,-0.23,1.35,12329496
1.06,-0.04,0.08,-0.06,-0.00,1.41,12338032
1.05,-0.05,0.08,-0.06,-0.10,1.45,12346592
1.06,-0.04,0.08,-0.05,0.07,1.43,12355104
1.06,-0.05,0.09,-0.26,-0.13,1.64,12363688
1.06,-0.05,0.09,-0.22,-0.03,1.61,12372264
1.06,-0.05,0.09,-0.11,-0.06,1.46,12380840
1.05,-0.05,0.08,-0.08,-0.14,1.35,12389408
1.06,-0.05,0.08,-0.17,-0.25,1.25,12397976
1.06,-0.05,0.08,-0.03,-0.08,1.26,12406528
1.06,-0.05,0.07,-0.17,0.16,1.15,12415088
1.05,-0.05,0.07,-0.11,0.06,1.28,12423616
1.06,-0.05,0.08,-0.28,0.04,1.31,12432152
1.05,-0.05,0.08,-0.17,-0.02,1.26,12440704
1.06,-0.04,0.08,-0.14,-0.02,1.32,12449272
1.06,-0.04,0.08,-0.09,0.03,1.34,12457752
1.06,-0.05,0.08,-0.08,-0.00,1.52,12466280
1.06,-0.05,0.08,-0.11,-0.06,1.32,12474848
1.06,-0.05,0.08,-0.11,-0.08,1.38,12483384
1.06,-0.05,0.07,-0.17,-0.11,1.38,12491952
1.05,-0.05,0.07,-0.08,-0.06,1.41,12500496
1.06,-0.05,0.08,-0.17,-0.20,1.35,12509072
1.06,-0.05,0.08,-0.22,-0.14,1.29,12517648
1.05,-0.05,0.08,-0.17,-0.03,1.45,12526200
1.06,-0.05,0.08,-0.12,-0.02,1.40,12534760
1.06,-0.05,0.08,-0.25,-0.03,1.25,12543304
1.06,-0.05,0.08,-0.29,-0.10,1.37,12551904
1.05,-0.05,0.08,-0.19,-0.10,1.37,12560488
1.06,-0.05,0.08,-0.11,0.06,1.34,12568960
1.06,-0.05,0.08,-0.22,0.01,1.22,12577488
1.05,-0.05,0.10,-0.22,-0.08,1.32,12586064
1.06,-0.05,0.07,-0.14,-0.20,1.34,12594568
1.06,-0.05,0.09,-0.29,0.09,1.17,12603104
1.06,-0.06,0.08,-0.35,0.06,1.22,12611648
1.05,-0.05,0.08,-0.11,-0.31,1.29,12620256
1.06,-0.05,0.08,-0.15,-0.32,1.05,12628840
1.05,-0.05,0.08,-0.22,-0.29,1.38,12637400
1.05,-0.04,0.08,-0.20,-0.00,1.11,12645936
1.05,-0.05,0.09,-0.11,-0.11,1.22,12654520
1.06,-0.05,0.08,-0.15,-0.16,1.22,12663096
1.05,-0.04,0.08,-0.03,-0.02,1.43,12671648
1.05,-0.05,0.08,-0.22,-0.10,1.25,12680208
1.06,-0.05,0.09,-0.23,0.04,1.25,12688760
1.06,-0.05,0.09,-0.14,0.10,1.31,12697296
1.05,-0.05,0.08,-0.09,-0.13,1.34,12705816
1.05,-0.05,0.08,-0.11,0.10,1.25,12714336
1.06,-0.05,0.08,-0.12,-0.08,1.29,12722888
1.05,-0.04,0.08,-0.25,0.07,1.19,12731408
1.06,-0.05,0.08,-0.29,0.01,1.25,12739944
1.06,-0.04,0.08,-0.17,-0.00,1.29,12748496
1.06,-0.05,0.08,-0.26,-0.11,1.26,12757072
1.05,-0.05,0.09,-0.26,0.06,1.35,12765608
1.05,-0.05,0.08,-0.20,0.06,1.43,12774120
1.06,-0.05,0.07,-0.06,0.04,1.29,12782648
1.06,-0.05,0.09,-0.06,-0.06,1.58,12791200
1.06,-0.05,0.08,-0.22,-0.00,1.37,12799776
1.05,-0.05,0.08,-0.03,-0.03,1.38,12808352
1.06,-0.05,0.09,-0.17,0.04,1.23,12816888
1.06,-0.04,0.09,-0.23,0.21,1.35,12825424
1.05,-0.05,0.08,-0.17,-0.19,1.31,12834008
1.06,-0.04,0.08,-0.22,-0.17,1.26,12842560
1.06,-0.05,0.09,-0.12,0.03,1.23,12851112
1.06,-0.05,0.07,-0.09,-0.13,1.12,12859680
1.05,-0.05,0.08,-0.17,-0.13,1.35,12868280
1.05,-0.05,0.08,-0.19,-0.10,1.31,12876840
1.06,-0.05,0.08,-0.28,-0.02,1.26,12885384
1.06,-0.04,0.09,-0.19,-0.17,1.22,12893968
1.05,-0.05,0.08,-0.15,-0.19,1.17,12902552
1.05,-0.05,0.09,-0.09,0.06,1.20,12911056
1.05,-0.05,0.08,-0.19,0.04,1.26,12919584
1.06,-0.05,0.08,-0.19,-0.32,1.32,12928184
1.05,-0.04,0.08,-0.32,-0.13,1.32,12936760
1.06,-0.05,0.08,-0.17,-0.28,1.23,12945320
1.06,-0.05,0.08,-0.20,0.04,1.35,12953864
1.06,-0.04,0.09,-0.14,-0.06,1.31,12962408
1.06,-0.05,0.09,-0.17,-0.05,1.26,12970968
1.05,-0.05,0.09,-0.06,-0.13,1.28,12979528
1.05,-0.05,0.08,-0.15,-0.25,1.38,12988104
1.05,-0.05,0.08,-0.20,0.04,1.32,12996624
1.05,-0.05,0.09,-0.20,-0.00,1.28,13005184
1.06,-0.04,0.09,-0.09,-0.10,1.46,13013744
1.05,-0.05,0.08,-0.19,-0.03,1.32,13022296
1.05,-0.05,0.08,-0.32,-0.06,1.28,13030880
1.05,-0.05,0.08,-0.29,-0.10,1.40,13039440
1.05,-0.05,0.08,-0.14,0.15,1.38,13047976
1.06,-0.04,0.08,-0.06,-0.03,1.37,13056512
1.06,-0.05,0.09,-0.19,-0.06,1.35,13065072
1.06,-0.05,0.08,-0.05,-0.20,1.28,13073616
1.05,-0.05,0.08,-0.11,-0.26,1.32,13082208
1.05,-0.05,0.09,-0.06,-0.08,1.25,13090776
1.05,-0.05,0.09,-0.06,-0.32,1.31,13099360
1.05,-0.05,0.08,0.07,0.01,1.19,13107880
1.05,-0.05,0.09,-0.00,-0.02,1.22,13116400
1.05,-0.04,0.09,-0.05,0.04,1.20,13124904
1.05,-0.05,0.08,-0.19,-0.31,1.25,13133472
1.05,-0.05,0.08,-0.15,-0.23,1.17,13142040
1.05,-0.04,0.08,-0.17,-0.13,1.29,13150608
1.05,-0.05,0.08,-0.09,-0.17,1.43,13159160
1.06,-0.04,0.08,-0.12,-0.11,1.40,13167712
1.06,-0.05,0.08,-0.41,-0.03,1.28,13176264
1.06,-0.05,0.08,-0.15,-0.25,1.29,13184864
1.06,-0.06,0.08,-0.26,0.07,1.23,13193400
1.05,-0.05,0.08,-0.26,-0.05,1.15,13201952
1.05,-0.05,0.09,-0.29,-0.17,1.34,13210456
1.05,-0.04,0.08,-0.15,-0.08,1.25,13219000
1.06,-0.04,0.08,-0.19,-0.25,1.14,13227576
1.05,-0.05,0.09,-0.14,-0.14,1.22,13236160
1.05,-0.05,0.09,-0.17,-0.19,1.31,13244760
1.05,-0.05,0.09,-0.22,-0.03,1.51,13253320
1.05,-0.05,0.08,-0.08,0.16,1.54,13261832
1.05,-0.05,0.07,-0.12,-0.00,1.34,13270312
1.06,-0.05,0.09,-0.05,-0.10,1.52,13278880
1.05,-0.05,0.09,-0.23,-0.05,1.35,13287440
1.06,-0.05,0.09,-0.17,0.01,1.31,13295984
1.06,-0.05,0.09,-0.06,-0.28,1.29,13304560
1.06,-0.05,0.09,-0.20,-0.00,1.29,13313104
1.05,-0.04,0.09,-0.20,-0.08,1.31,13321664
1.05,-0.05,0.08,-0.17,-0.00,1.32,13330224
1.06,-0.05,0.08,-0.09,-0.10,1.15,13338792
1.06,-0.05,0.08,-0.20,0.03,1.40,13347280
1.06,-0.05,0.08,-0.06,-0.03,1.31,13355832
1.06,-0.04,0.08,-0.12,-0.20,1.37,13364376
1.06,-0.05,0.08,-0.19,-0.10,1.32,13372968
1.06,-0.05,0.08,-0.14,-0.23,1.32,13381560
1.05,-0.06,0.08,-0.19,-0.11,1.22,13390176
1.06,-0.05,0.07,-0.09,-0.11,1.15,13398744
1.06,-0.05,0.09,-0.31,-0.05,1.08,13407280
1.06,-0.05,0.07,-0.25,-0.00,1.20,13415808
1.05,-0.05,0.07,-0.25,-0.19,1.32,13424384
1.06,-0.05,0.08,-0.26,-0.17,1.37,13432952
1.05,-0.05,0.07,-0.17,-0.16,1.20,13441496
1.05,-0.05,0.08,-0.23,0.03,1.32,13450032
1.05,-0.05,0.08,-0.26,-0.05,1.48,13458568
1.06,-0.05,0.08,-0.28,-0.14,1.54,13467120
1.06,-0.05,0.08,-0.35,0.04,1.37,13475656
1.06,-0.05,0.09,-0.34,-0.00,1.45,13484224
1.06,-0.05,0.09,-0.29,-0.08,1.35,13492808
1.06,-0.05,0.10,-0.15,-0.19,1.15,13501384
1.06,-0.05,0.08,-0.34,-0.14,1.40,13509952
1.06,-0.04,0.08,-0.19,-0.17,1.31,13518528
1.05,-0.05,0.08,-0.14,-0.13,1.12,13527120
1.06,-0.04,0.08,-0.08,-0.11,1.38,13535664
1.05,-0.05,0.09,-0.26,-0.03,1.43,13544224
1.06,-0.05,0.09,0.04,-0.14,1.34,13552712
1.05,-0.04,0.09,-0.09,-0.10,1.22,13561288
1.06,-0.05,0.09,-0.22,-0.02,1.34,13569808
1.06,-0.05,0.08,-0.17,-0.06,1.37,13578368
1.06,-0.05,0.08,-0.03,-0.05,1.41,13586912
1.06,-0.05,0.08,-0.19,0.03,1.37,13595456
1.05,-0.05,0.08,-0.05,-0.19,1.26,13604016
1.05,-0.05,0.08,-0.14,-0.03,1.32,13612552
1.06,-0.05,0.08,-0.12,0.07,1.34,13621024
1.05,-0.05,0.08,-0.20,-0.13,1.49,13629592
1.06,-0.05,0.07,-0.06,0.12,1.35,13638112
1.05,-0.04,0.08,-0.32,-0.03,1.38,13646664
1.06,-0.05,0.08,-0.12,0.07,1.49,13655168
1.06,-0.05,0.08,-0.05,-0.23,1.23,13663744
1.05,-0.06,0.09,-0.32,-0.06,1.28,13672304
1.06,-0.05,0.08,-0.06,0.03,1.20,13680808
1.06,-0.05,0.08,-0.20,-0.20,1.22,13689336
1.05,-0.05,0.08,-0.23,-0.11,1.32,13697928
1.05,-0.05,0.08,-0.20,-0.08,1.12,13706448
1.06,-0.04,0.08,-0.15,-0.02,1.12,13715016
1.05,-0.04,0.08,-0.20,-0.19,1.35,13723584
1.05,-0.04,0.08,-0.22,0.03,1.32,13732136
1.05,-0.05,0.08,-0.20,-0.25,1.29,13740704
1.05,-0.05,0.08,-0.31,-0.17,1.51,13749280
1.06,-0.05,0.09,-0.32,-0.16,1.31,13757872
1.06,-0.05,0.08,-0.41,-0.06,1.22,13766440
1.05,-0.05,0.08,-0.51,-0.22,1.35,13775040
1.07,-0.06,0.08,-0.34,-0.16,1.14,13783624
1.06,-0.06,0.09,-0.22,-0.00,1.28,13792168
1.08,-0.04,0.08,-0.14,-0.25,0.91,13800752
1.05,-0.05,0.08,-0.23,-0.20,1.05,13809280
1.05,-0.04,0.08,-0.08,-0.37,1.08,13817824
1.05,-0.06,0.09,-0.23,-0.26,1.26,13826408
1.05,-0.05,0.09,-0.25,-0.25,1.09,13834984
1.06,-0.05,0.10,-0.12,-0.11,1.06,13843536
1.07,-0.05,0.09,-0.06,-0.13,0.99,13852104
1.06,-0.04,0.08,-0.14,-0.25,0.74,13860672
1.07,-0.05,0.09,-0.15,-0.46,0.41,13869272
1.07,-0.06,0.10,0.20,-0.54,0.21,13877808
1.07,-0.07,0.10,0.12,-0.46,0.03,13886320
1.05,-0.06,0.09,0.17,-0.55,0.07,13894864
1.05,-0.05,0.09,0.01,-0.39,-0.01,13903416
1.03,-0.03,0.08,0.17,-0.32,0.50,13911992
1.04,-0.02,0.07,0.04,-0.20,0.74,13920496
1.04,-0.02,0.07,-0.05,0.01,1.23,13929032
1.05,-0.03,0.08,-0.14,-0.16,1.28,13937608
1.05,-0.04,0.08,-0.28,-0.03,1.77,13946168
1.06,-0.04,0.07,-0.17,0.16,1.49,13954720
1.06,-0.05,0.07,-0.12,0.01,1.61,13963240
1.05,-0.06,0.09,-0.17,0.01,1.81,13971800
1.07,-0.06,0.08,-0.12,0.04,1.61,13980312
1.08,-0.06,0.07,0.03,-0.35,1.12,13988848
1.04,-0.06,0.08,-0.22,-0.19,1.20,13997384
1.06,-0.05,0.08,-0.05,-0.02,1.06,14005928
1.05,-0.04,0.07,-0.17,-0.23,1.15,14014512
1.04,-0.03,0.07,-0.26,0.10,1.25,14023056
1.06,-0.03,0.06,-0.32,-0.05,1.23,14031608
1.06,-0.03,0.08,-0.19,0.07,1.48,14040144
1.05,-0.04,0.08,-0.22,-0.11,1.61,14048744
1.06,-0.05,0.08,-0.40,0.15,1.67,14057256
1.06,-0.05,0.09,-0.38,0.12,1.54,14065832
1.06,-0.06,0.10,-0.37,-0.05,1.66,14074352
1.06,-0.06,0.10,-0.35,-0.00,1.25,14082920
1.07,-0.06,0.10,-0.26,-0.16,1.03,14091480
1.05,-0.05,0.09,-0.23,-0.19,1.03,14100048
1.06,-0.04,0.09,-0.03,-0.25,0.79,14108608
1.06,-0.04,0.09,-0.12,-0.16,0.88,14117184
1.04,-0.04,0.09,-0.03,-0.03,1.26,14125728
1.04,-0.03,0.08,-0.19,0.03,1.46,14134272
1.06,-0.03,0.09,-0.14,-0.03,1.38,14142840
1.05,-0.03,0.09,-0.06,0.16,1.51,14151376
1.05,-0.05,0.09,-0.23,-0.02,1.60,14159936
1.07,-0.06,0.09,-0.06,-0.11,1.35,14168504
1.06,-0.06,0.09,-0.14,-0.11,1.52,14177064
1.06,-0.06,0.09,-0.00,-0.02,1.17,14185600
1.06,-0.06,0.09,0.01,-0.13,1.17,14194152
1.06,-0.05,0.08,-0.02,-0.20,0.97,14202680
1.05,-0.04,0.08,0.17,-0.22,1.02,14211224
1.05,-0.05,0.06,-0.23,-0.13,1.06,14219792
1.05,-0.04,0.07,-0.15,-0.03,1.17,14228352
1.04,-0.04,0.07,-0.09,0.20,1.41,14236864
1.06,-0.04,0.07,-0.35,0.03,1.45,14245408
1.04,-0.04,0.08,-0.25,-0.05,1.60,14253944
1.06,-0.05,0.08,-0.17,0.09,1.58,14262464
1.06,-0.06,0.08,-0.32,-0.14,1.45,14271064
1.06,-0.05,0.09,-0.12,0.01,1.40,14279608
1.06,-0.05,0.09,-0.25,0.01,1.28,14288152
1.06,-0.06,0.08,-0.20,-0.20,1.25,14296704
1.06,-0.05,0.09,-0.31,-0.02,1.31,14305272
1.05,-0.04,0.08,-0.26,-0.13,1.23,14313864
1.06,-0.04,0.07,-0.12,-0.26,1.17,14322448
1.05,-0.05,0.08,-0.28,-0.10,1.32,14331008
1.06,-0.04,0.08,-0.14,-0.06,1.34,14339480
1.05,-0.04,0.08,-0.00,0.47,0.22,14347984
1.10,-0.05,0.16,-0.43,-0.89,2.45,14356576
1.05,-0.05,0.06,-0.23,0.56,1.11,14365128
1.08,-0.05,0.11,-0.00,-0.92,0.93,14373688
1.06,-0.05,0.06,-0.17,-0.06,1.58,14382256
1.06,-0.05,0.10,-0.06,-0.37,1.48,14390832
1.06,-0.05,0.09,0.09,-0.20,1.28,14399360
1.06,-0.05,0.07,-0.14,-0.10,1.08,14407920
1.05,-0.04,0.07,0.04,-0.06,1.34,14416376
1.05,-0.03,0.09,-0.09,-0.25,1.15,14424944
1.05,-0.04,0.07,-0.15,-0.19,1.20,14433496
1.05,-0.04,0.08,-0.19,0.01,1.55,14442032
1.06,-0.04,0.08,-0.29,-0.08,1.49,14450592
1.05,-0.05,0.06,-0.12,0.09,1.48,14459128
1.06,-0.06,0.07,-0.17,0.12,1.66,14467664
1.07,-0.05,0.08,-0.15,-0.20,1.35,14476224
1.07,-0.06,0.08,-0.28,-0.16,1.06,14484800
1.04,-0.06,0.05,-0.11,0.44,0.76,14493336
1.05,-0.04,0.09,-0.14,0.15,0.86,14501872
1.05,-0.04,0.05,0.17,0.30,0.30,14510352
1.06,-0.04,0.05,0.65,0.10,0.56,14518832
1.06,-0.05,-0.00,4.53,0.20,1.14,14527336
1.05,-0.05,-0.09,12.96,0.39,1.93,14535952
1.06,-0.05,-0.13,23.20,1.58,2.04,14544528
1.07,-0.06,-0.14,35.17,1.11,2.88,14553160
1.08,-0.06,-0.09,47.05,0.29,3.90,14561736
1.08,-0.05,-0.02,57.46,-0.26,4.96,14570392
1.07,-0.00,0.06,66.56,-0.37,6.83,14579032
1.05,0.05,0.16,74.88,-1.42,9.11,14587672
1.04,-0.00,0.21,74.50,-0.48,8.36,14596344
1.05,-0.07,0.26,64.06,-0.43,6.47,14604976
0.99,-0.09,0.27,50.82,-1.91,3.57,14613592
1.10,-0.07,0.01,54.87,-0.49,-3.93,14622224
1.06,-0.02,-0.02,73.94,-0.46,4.65,14630952
1.09,-0.00,0.07,84.82,-0.55,6.56,14639544
1.05,0.02,0.08,86.49,0.38,7.98,14648112
1.06,0.02,0.10,85.85,0.29,8.21,14656712
1.05,-0.02,0.12,84.59,0.10,7.41,14665336
1.04,-0.04,0.15,81.16,-0.37,6.22,14674016
1.05,-0.07,0.17,76.52,-0.97,5.26,14682664
1.05,-0.08,0.12,71.14,-1.12,4.38,14691320
1.06,-0.06,0.10,67.63,-0.55,4.48,14699952
1.07,-0.03,0.12,59.45,0.15,4.97,14708552
1.05,-0.03,0.11,51.14,0.42,5.64,14717208
1.07,-0.02,0.11,43.66,1.11,6.74,14725856
1.05,-0.03,0.11,35.56,1.77,6.74,14734472
1.04,-0.03,0.15,27.51,1.74,6.18,14743112
1.04,-0.05,0.18,19.17,0.88,4.88,14751720
1.05,-0.02,0.00,27.27,0.07,4.59,14760328
1.07,-0.04,-0.00,37.34,1.29,4.93,14768944
1.08,-0.03,-0.02,50.94,0.76,5.49,14777592
1.06,-0.05,0.05,60.26,0.91,7.75,14786200
1.06,-0.10,0.06,62.21,0.29,7.49,14794832
1.05,-0.08,0.05,61.52,0.21,6.61,14803400
1.06,-0.06,0.00,61.49,0.58,6.35,14811952
1.05,-0.05,-0.03,67.62,0.49,6.67,14820592
1.06,-0.06,-0.01,75.94,0.32,6.94,14829216
1.06,-0.06,0.01,83.80,-0.06,7.22,14837800
1.06,-0.05,0.06,88.75,0.10,7.61,14846376
1.07,-0.01,0.09,90.43,0.03,7.64,14854992
1.06,0.03,0.12,90.91,-0.42,7.87,14863616
1.06,0.06,0.19,88.56,-0.28,8.16,14872216
1.05,0.06,0.24,82.84,-0.61,8.19,14880856
1.04,-0.00,0.24,72.01,-0.28,7.54,14889504
0.99,-0.10,0.31,54.88,-1.18,5.67,14898128
1.03,-0.06,0.26,38.93,-0.31,2.28,14906776
1.05,-0.05,0.23,25.85,-0.58,1.28,14915440
1.04,-0.06,0.25,9.36,-1.35,-0.05,14924024
1.06,-0.04,0.11,-3.82,-0.81,-0.01,14932632
1.05,-0.07,0.16,-11.38,-0.77,0.10,14941280
1.08,-0.07,0.18,-22.80,-0.89,-1.09,14949952
1.04,-0.05,0.14,-27.30,-1.24,-1.56,14958656
1.06,-0.02,0.14,-28.35,-0.75,-0.94,14967376
1.06,0.01,0.09,-25.13,-0.20,-0.65,14976016
1.05,0.04,-0.01,-11.15,0.10,0.36,14984632
1.06,0.01,-0.05,5.16,0.36,1.86,14993168
1.07,-0.00,-0.04,19.42,0.52,2.76,15001808
1.06,-0.03,0.04,28.64,0.29,3.12,15010392
1.05,-0.04,0.09,29.45,0.58,3.03,15018984
1.05,-0.05,0.12,25.59,0.16,2.56,15027584
1.06,-0.04,0.12,21.27,0.20,2.07,15036208
1.04,-0.09,0.20,4.55,0.04,0.56,15044720
1.06,-0.04,0.11,0.12,-0.23,0.61,15053304
1.06,-0.03,0.09,0.20,-0.03,1.09,15061824
1.06,-0.03,0.10,1.17,-0.39,1.00,15070360
1.05,-0.03,0.10,1.22,-0.29,0.79,15078904
1.05,-0.04,0.11,1.01,-0.37,0.28,15087464